t,distance,v_raw,a_raw,dt,velocity_raw,acceleration_raw,distance_f,velocity_f,acceleration_f
0.061,21,0.0,,0.06,,,21.0,,
0.121,21,0.0,0.0,0.06,0.0,,21.0,0.0,
0.181,21,0.0,0.0,0.06,0.0,0.0,21.0,0.0,0.0
0.241,21,0.0,0.0,0.06,0.0,0.0,21.0,0.0,0.0
0.303,21,0.0,0.0,0.062,0.0,0.0,21.0,0.0,0.0
0.365,21,0.0,0.0,0.062,0.0,0.0,21.0,0.0,0.0
0.424,21,0.0,0.0,0.059,0.0,0.0,21.0,0.0,0.0
0.486,21,0.0,0.0,0.062,0.0,0.0,21.0,0.0,0.0
0.547,21,0.0,0.0,0.061000000000000054,0.0,0.0,21.0,0.0,0.0
0.609,21,0.0,0.0,0.061999999999999944,0.0,0.0,21.0,0.0,0.0
0.67,21,0.0,0.0,0.061000000000000054,0.0,0.0,21.0,0.0,0.0
0.73,21,0.0,0.0,0.05999999999999994,0.0,0.0,21.0,0.0,0.0
0.79,21,0.0,0.0,0.06000000000000005,0.0,0.0,21.0,0.0,0.0
0.851,21,0.0,0.0,0.06099999999999994,0.0,0.0,21.0,0.0,0.0
0.911,21,0.0,0.0,0.06000000000000005,0.0,0.0,21.0,0.0,0.0
0.972,21,0.0,0.0,0.06099999999999994,0.0,0.0,21.0,0.0,0.0
1.033,21,0.0,0.0,0.06099999999999994,0.0,0.0,21.0,0.0,0.0
1.094,21,0.0,0.0,0.061000000000000165,0.0,0.0,21.0,0.0,0.0
1.156,21,0.0,0.0,0.06199999999999983,0.0,0.0,21.0,0.0,0.0
1.218,21,0.0,0.0,0.062000000000000055,0.0,0.0,21.0,0.0,0.0
1.278,21,0.0,0.0,0.06000000000000005,0.0,0.0,21.0,0.0,0.0
1.338,21,0.0,0.0,0.06000000000000005,0.0,0.0,21.0,0.0,0.0
1.4,21,0.0,0.0,0.06199999999999983,0.0,0.0,21.0,0.0,0.0
1.46,21,0.0,0.0,0.06000000000000005,0.0,0.0,21.0,0.0,0.0
1.528,21,0.0,0.0,0.06800000000000006,0.0,0.0,21.0,0.0,0.0
1.595,21,0.0,0.0,0.06699999999999995,0.0,0.0,21.0,0.0,0.0
1.662,21,0.0,0.0,0.06699999999999995,0.0,0.0,21.0,0.0,0.0
1.722,21,0.0,0.0,0.06000000000000005,0.0,0.0,21.0,0.0,0.0
1.781,21,0.0,0.0,0.05899999999999994,0.0,0.0,21.0,0.0,0.0
1.844,21,0.0,0.0,0.06300000000000017,0.0,0.0,21.0,0.0,0.0
1.905,21,0.0,0.0,0.06099999999999994,0.0,0.0,21.0,0.0,0.0
1.967,21,0.0,0.0,0.062000000000000055,0.0,0.0,21.0,0.0,0.0
2.028,21,0.0,0.0,0.06099999999999994,0.0,0.0,21.0,0.0,0.0
2.088,21,0.0,0.0,0.06000000000000005,0.0,0.0,21.0,0.0,0.0
2.149,21,0.0,0.0,0.06099999999999994,0.0,0.0,21.0,0.0,0.0
2.21,21,0.0,0.0,0.06099999999999994,0.0,0.0,21.0,0.0,0.0
2.271,21,0.0,0.0,0.06099999999999994,0.0,0.0,21.0,0.0,0.0
2.332,21,0.0,0.0,0.06099999999999994,0.0,0.0,21.0,0.0,0.0
2.394,21,0.0,0.0,0.06200000000000028,0.0,0.0,21.0,0.0,0.0
2.454,21,0.0,0.0,0.06000000000000005,0.0,0.0,21.0,0.0,0.0
2.515,21,0.0,0.0,0.06099999999999994,0.0,0.0,20.857142857142858,-2.3419203747072537,-38.39213729028288
2.578,21,0.0,0.0,0.06299999999999972,0.0,0.0,20.714285714285715,-2.2675736961451265,1.1801060089226587
2.638,21,0.0,0.0,0.06000000000000005,0.0,0.0,20.571428571428573,-2.3809523809523703,-1.8896447467873947
2.699,20,-16.475969375930486,-271.45756687659923,0.06099999999999994,-16.393442622950836,-268.7449610319812,20.428571428571427,-2.341920374707312,0.639868954837024
2.758,20,0.0,279.94257461806626,0.05900000000000016,0.0,277.85495971103035,20.285714285714285,-2.4213075060532536,-1.3455445990837551
2.819,20,0.0,0.0,0.06099999999999994,0.0,0.0,20.142857142857142,-2.3419203747072537,1.3014283827213118
2.879,20,0.0,0.0,0.06000000000000005,0.0,0.0,20.0,-2.3809523809523703,-0.6505334374186095
2.939,20,0.0,0.0,0.06000000000000005,0.0,0.0,20.0,0.0,39.68253968253947
3.003,20,0.0,0.0,0.06400000000000006,0.0,0.0,19.857142857142858,-2.2321428571428474,-34.87723214285696
3.064,20,0.0,0.0,0.06099999999999994,0.0,0.0,19.714285714285715,-2.3419203747072537,-1.799631435482071
3.126,20,0.0,0.0,0.06199999999999983,0.0,0.0,19.571428571428573,-2.304147465437786,0.6092404720881893
3.186,19,-16.440900930564375,-270.30322340863256,0.06000000000000005,-16.666666666666654,-277.7777777777773,19.285714285714285,-4.7619047619048,-40.96262160778353
3.249,19,0.0,263.5077611425216,0.06300000000000017,0.0,264.55026455026365,19.142857142857142,-2.2675736961451105,39.592556599360044
3.311,19,0.0,0.0,0.06199999999999983,0.0,0.0,18.857142857142858,-4.608294930875572,-37.75356830210432
3.374,18,-15.916152167726022,-253.32389982620973,0.06300000000000017,-15.87301587301583,-251.9526329050125,18.571428571428573,-4.535147392290221,1.1610720410373152
3.438,19,15.572756705379154,490.3691167987218,0.06400000000000006,15.624999999999986,492.1564980158717,18.428571428571427,-2.232142857142903,35.98444586167681
3.498,18,-16.744463828750963,-541.1345302795096,0.06000000000000005,-16.666666666666654,-538.1944444444435,18.285714285714285,-2.3809523809523703,-2.4801587301577865
3.56,18,0.0,269.9327453379973,0.06199999999999983,0.0,268.8172043010758,18.0,-4.608294930875572,-35.924879837471096
3.62,18,0.0,0.0,0.06000000000000005,0.0,0.0,17.857142857142858,-2.3809523809523703,37.12237583205333
3.681,18,0.0,0.0,0.06099999999999994,0.0,0.0,17.571428571428573,-4.683840749414507,-37.7522683354449
3.744,17,-15.786517319121227,-249.2141290669145,0.06300000000000017,-15.87301587301583,-251.9526329050125,17.428571428571427,-2.267573696145167,38.35344528998943
3.806,17,0.0,257.1416194986347,0.06199999999999983,0.0,256.01638504864314,17.285714285714285,-2.304147465437786,-0.589899504719665
3.866,17,0.0,0.0,0.06000000000000005,0.0,0.0,17.142857142857142,-2.3809523809523703,-1.2800819252430695
3.928,17,0.0,0.0,0.06199999999999983,0.0,0.0,17.0,-2.304147465437786,1.2387889599126523
3.992,17,0.0,0.0,0.06400000000000006,0.0,0.0,16.857142857142858,-2.2321428571428474,1.1250720046084146
4.054,17,0.0,0.0,0.06200000000000028,0.0,0.0,16.714285714285715,-2.3041474654377696,-1.1613646499180943
4.115,17,0.0,0.0,0.06099999999999994,0.0,0.0,16.571428571428573,-2.3419203747072537,-0.6192280208112148
4.177,16,-16.057395092780823,-257.83993716566164,0.06199999999999939,-16.129032258064676,-260.1456815816909,16.428571428571427,-2.3041474654378598,0.6092404720870047
4.239,16,0.0,259.17646604799114,0.06200000000000028,0.0,260.14568158168714,16.142857142857142,-4.608294930875539,-37.16366879738176
4.299,16,0.0,0.0,0.0600000000000005,0.0,0.0,15.857142857142858,-4.761904761904706,-2.5601638504860906
4.361,16,0.0,0.0,0.06199999999999939,0.0,0.0,15.571428571428571,-4.608294930875633,2.477577919823775
4.42,15,-17.040803143016173,-290.3889717590299,0.05900000000000016,-16.949152542372833,-287.27377190462346,15.285714285714286,-4.842615012106507,-3.971526800523275
4.48,15,0.0,281.8998946378959,0.0600000000000005,0.0,282.4858757062115,15.0,-4.761904761904735,1.3451708366961892
4.541,15,0.0,0.0,0.06099999999999994,0.0,0.0,14.714285714285714,-4.683840749414537,1.2797379096753876
4.601,14,-16.55511260923451,-274.07175350443543,0.05999999999999961,-16.666666666666774,-277.7777777777814,14.428571428571429,-4.761904761904776,-1.3010668748373322
4.662,14,0.0,273.769191186366,0.06099999999999994,0.0,273.224043715849,14.285714285714286,-2.3419203747072537,39.67187519995942
4.724,14,0.0,0.0,0.06200000000000028,0.0,0.0,14.0,-4.608294930875568,-36.55442832529522
4.785,14,0.0,0.0,0.06099999999999994,0.0,0.0,13.714285714285714,-4.683840749414537,-1.2384560416224442
4.845,14,0.0,0.0,0.05999999999999961,0.0,0.0,13.571428571428571,-2.380952380952388,38.38147280770273
4.906,13,-16.249182563419133,-264.03593397932434,0.06099999999999994,-16.393442622950836,-268.7449610319812,13.428571428571429,-2.3419203747072537,0.6398689548382689
4.967,13,0.0,269.2004306261321,0.06099999999999994,0.0,268.7449610319812,13.285714285714286,-2.3419203747072537,0.0
5.026,13,0.0,0.0,0.05900000000000016,0.0,0.0,13.142857142857142,-2.4213075060532834,-1.3455445990852455
5.085,13,0.0,0.0,0.05900000000000016,0.0,0.0,13.0,-2.4213075060532536,5.043046959314257e-13
5.146,13,0.0,0.0,0.06099999999999994,0.0,0.0,13.0,0.0,39.693565673004194
5.207,13,0.0,0.0,0.06099999999999994,0.0,0.0,13.0,0.0,0.0
5.268,13,0.0,0.0,0.06099999999999994,0.0,0.0,13.0,0.0,0.0
5.332,13,0.0,0.0,0.06400000000000006,0.0,0.0,12.857142857142858,-2.2321428571428474,-34.87723214285696
5.392,13,0.0,0.0,0.0600000000000005,0.0,0.0,12.857142857142858,0.0,37.20238095238048
5.453,13,0.0,0.0,0.06099999999999994,0.0,0.0,12.857142857142858,0.0,0.0
5.515,12,-16.219962952793814,-263.08719819000385,0.06199999999999939,-16.129032258064676,-260.1456815816909,12.714285714285714,-2.3041474654378313,-37.163668797384744
5.576,13,16.352891179669925,532.6603390394413,0.06099999999999994,16.393442622950836,533.1553259182875,12.571428571428571,-2.3419203747072537,-0.6192280208102029
5.638,13,0.0,-264.06281886640465,0.06200000000000028,0.0,-264.4103648863026,12.428571428571429,-2.3041474654377696,0.60924047208845
5.7,12,-16.189598338698595,-262.1030943683923,0.06200000000000028,-16.129032258064445,-260.14568158168345,12.142857142857142,-4.608294930875568,-37.16366879738367
5.76,12,0.0,269.57409493833467,0.05999999999999961,0.0,268.81720430107583,11.857142857142858,-4.761904761904776,-2.5601638504868243
5.822,12,0.0,0.0,0.06200000000000028,0.0,0.0,11.428571428571429,-6.912442396313337,-34.686090877557284
5.882,11,-16.434136956888008,-270.0808575177522,0.05999999999999961,-16.666666666666774,-277.7777777777814,11.0,-7.142857142857194,-3.8402457757309687
5.943,10,-16.43072487386004,0.0560629974793026,0.06099999999999994,-16.393442622950836,4.479082683867846,10.714285714285714,-4.683840749414537,40.311744154797694
6.004,10,0.0,270.7121198460573,0.06099999999999994,0.0,268.7449610319812,10.285714285714286,-7.025761124121761,-38.3921372902824
6.067,10,0.0,0.0,0.06300000000000061,0.0,0.0,9.857142857142858,-6.802721088435312,3.540318026768991
6.129,10,0.0,0.0,0.06199999999999939,0.0,0.0,9.571428571428571,-4.608294930875633,35.39397028322098
6.192,9,-15.930358160203578,-253.77631111236477,0.06300000000000061,-15.873015873015719,-251.95263290500895,9.428571428571429,-2.2675736961450945,37.154305313182796
6.254,9,0.0,255.41967366769563,0.06199999999999939,0.0,256.01638504864314,9.285714285714286,-2.3041474654378025,-0.5898995047211018
6.316,9,0.0,0.0,0.06200000000000028,0.0,0.0,9.0,-4.608294930875568,-37.163668797383146
6.378,9,0.0,0.0,0.06200000000000028,0.0,0.0,8.714285714285714,-4.608294930875568,0.0
6.438,9,0.0,0.0,0.05999999999999961,0.0,0.0,8.428571428571429,-4.761904761904776,-2.5601638504868243
6.499,8,-16.55060511476859,-273.92252966500416,0.06099999999999994,-16.393442622950836,-268.7449610319812,8.285714285714286,-2.3419203747072537,39.67187519995942
6.559,8,0.0,274.9968080056663,0.0600000000000005,0.0,273.224043715845,8.0,-4.761904761904735,-40.33307311995769
6.62,7,-16.43561811313657,-270.1295427608629,0.06099999999999994,-16.393442622950836,-268.7449610319812,7.714285714285714,-4.683840749414522,1.2797379096756205
6.68,8,16.49878254575779,543.3775147459602,0.05999999999999961,16.666666666666774,551.0018214936305,7.285714285714286,-7.142857142857194,-40.983606557378124
6.743,7,-16.0091605151263,-520.4248784782795,0.06300000000000061,-15.873015873015719,-516.5028974552727,7.142857142857143,-2.2675736961450945,77.38545153511194
6.803,7,0.0,266.4426816971926,0.05999999999999961,0.0,264.5502645502637,6.857142857142857,-4.761904761904805,-41.572184429328786
6.865,6,-16.1207779229764,-259.87948084192334,0.06200000000000028,-16.129032258064445,-260.14568158168345,6.714285714285714,-2.3041474654377696,39.64124671721008
6.927,7,16.238047858893307,525.444161703591,0.06199999999999939,16.129032258064676,520.2913631633782,6.428571428571429,-4.608294930875619,-37.163668797385036
6.988,6,-16.254787141279284,-528.1641165445149,0.06100000000000083,-16.393442622950595,-533.1553259182758,6.285714285714286,-2.341920374707234,37.15368124866154
7.05,6,0.0,262.0136304536262,0.06199999999999939,0.0,264.41036488630255,6.142857142857143,-2.3041474654378025,0.6092404720876134
7.112,6,0.0,0.0,0.06200000000000028,0.0,0.0,6.142857142857143,0.0,37.16366879738374
7.175,6,0.0,0.0,0.06299999999999972,0.0,0.0,6.0,-2.2675736961451407,-35.99323327214525
7.237,6,0.0,0.0,0.06200000000000028,0.0,0.0,6.0,0.0,36.5737692926634
7.299,6,0.0,0.0,0.06200000000000028,0.0,0.0,6.0,0.0,0.0
7.362,6,0.0,0.0,0.06299999999999972,0.0,0.0,6.0,0.0,0.0
7.424,6,0.0,0.0,0.06200000000000028,0.0,0.0,6.0,0.0,0.0
7.485,6,0.0,0.0,0.06099999999999994,0.0,0.0,6.0,0.0,0.0
7.546,6,0.0,0.0,0.06099999999999994,0.0,0.0,6.0,0.0,0.0
7.605,6,0.0,0.0,0.05900000000000016,0.0,0.0,6.142857142857143,2.4213075060532687,41.03911027208919
7.667,6,0.0,0.0,0.06199999999999939,0.0,0.0,6.285714285714286,2.3041474654378025,-1.8896780744430228
7.726,6,0.0,0.0,0.05900000000000016,0.0,0.0,6.428571428571429,2.4213075060532687,1.9857634002621345
7.785,7,17.01867698912166,289.63536646005906,0.05900000000000016,16.949152542372833,287.27377190462346,6.571428571428571,2.4213075060532536,-2.559158158457981e-13
7.846,7,0.0,-276.2292482999409,0.06099999999999994,0.0,-277.8549597110303,6.714285714285714,2.3419203747072683,-1.3014283827210715
7.907,7,0.0,0.0,0.06099999999999994,0.0,0.0,6.714285714285714,0.0,-38.392137290283124
7.967,7,0.0,0.0,0.05999999999999961,0.0,0.0,6.714285714285714,0.0,0.0
8.028,7,0.0,0.0,0.06100000000000083,0.0,0.0,6.714285714285714,0.0,0.0
8.09,6,-16.215698782557595,-262.9488870066399,0.06199999999999939,-16.129032258064676,-260.1456815816909,6.714285714285714,0.0,0.0
8.151,6,0.0,263.3755305821624,0.06099999999999994,0.0,264.4103648863064,6.714285714285714,0.0,0.0
8.213,7,16.11823795927308,259.7975949117516,0.06199999999999939,16.129032258064676,260.1456815816909,6.857142857142857,2.3041474654378025,37.163668797384275
8.273,7,0.0,-268.850150304944,0.0600000000000005,0.0,-268.8172043010757,6.857142857142857,0.0,-38.40245775729639
8.335,7,0.0,0.0,0.062000000000001165,0.0,0.0,7.0,2.304147465437751,37.16366879738238
8.398,8,15.9719730087889,255.1039217934811,0.06299999999999883,15.873015873016167,251.95263290502317,7.142857142857143,2.2675736961451727,-0.5805360205171262
8.458,7,-16.64340303956192,-542.8308488595771,0.0600000000000005,-16.66666666666653,-542.3280423280404,7.142857142857143,0.0,-37.792894935752564
8.519,7,0.0,273.7924497183799,0.06099999999999994,0.0,273.22404371584497,7.142857142857143,0.0,0.0
8.581,7,0.0,0.0,0.06199999999999939,0.0,0.0,7.142857142857143,0.0,0.0
8.642,7,0.0,0.0,0.06099999999999994,0.0,0.0,7.142857142857143,0.0,0.0
8.704,7,0.0,0.0,0.062000000000001165,0.0,0.0,7.285714285714286,2.3041474654377367,37.16366879738215
8.766,7,0.0,0.0,0.06199999999999939,0.0,0.0,7.285714285714286,0.0,-37.16366879738322
8.824,8,16.96004528820687,287.64313617802804,0.05799999999999983,17.24137931034488,297.26516052318846,7.428571428571429,2.463054187192132,42.46645150331275
8.886,8,0.0,-275.2073111749738,0.06199999999999939,0.0,-278.0867630700814,7.571428571428571,2.3041474654378025,-2.5630116411988904
8.946,7,-16.714303362144886,-279.36793688180785,0.0600000000000005,-16.66666666666653,-277.77777777777317,7.857142857142857,4.76190476190472,40.96262160778162
9.005,8,16.93457204342753,569.8293047359828,0.05900000000000105,16.94915254237258,569.7596476108222,8.142857142857142,4.842615012106449,1.3679703424021536
9.066,8,0.0,-278.8349543446743,0.06099999999999994,0.0,-277.85495971102614,8.428571428571429,4.683840749414537,-2.6028567654411825
9.128,9,15.966865635278351,254.9407982150328,0.06199999999999939,16.129032258064676,260.1456815816909,8.714285714285714,4.608294930875605,-1.21848094417633
9.19,9,0.0,-257.021919633063,0.06199999999999939,0.0,-260.1456815816909,9.142857142857142,6.912442396313437,37.16366879738475
9.252,10,16.186911703979284,262.0161105124215,0.062000000000001165,16.129032258064214,260.145681581676,9.571428571428571,6.912442396313239,-3.194577219243939e-12
9.313,10,0.0,-264.3739963538513,0.06099999999999994,0.0,-264.41036488629885,10.142857142857142,9.367681498829045,40.24982135271817
9.376,10,0.0,0.0,0.06299999999999883,0.0,0.0,10.571428571428571,6.802721088435504,-40.71365730783473
9.436,11,16.764340986122658,281.043128698992,0.0600000000000005,16.66666666666653,277.77777777777317,11.142857142857142,9.52380952380944,45.351473922898556
9.495,12,16.840130728401306,1.276309167844272,0.058999999999999275,16.94915254237309,4.787896198416315,11.571428571428571,7.2639225181599,-38.30316958728081
9.556,12,0.0,-276.1449352166756,0.06099999999999994,0.0,-277.8549597110345,12.142857142857142,9.367681498829045,34.48785214211716
9.616,13,16.60006015799389,275.56199724901614,0.0600000000000005,16.66666666666653,277.77777777777317,12.714285714285714,9.52380952380944,2.6021337496732344
9.677,13,0.0,-273.38073346152254,0.06099999999999994,0.0,-273.22404371584497,13.285714285714286,9.367681498829073,-2.55947581935028
9.737,14,16.522570148865682,272.9953243241873,0.0600000000000005,16.66666666666653,277.77777777777317,13.714285714285714,7.142857142857058,-37.08040593286661
9.798,14,0.0,-272.71815098782787,0.06099999999999994,0.0,-273.22404371584497,14.142857142857142,7.02576112412179,-1.919606864512586
9.858,15,16.55687707982173,274.1301786363262,0.0600000000000005,16.66666666666653,277.77777777777317,14.428571428571429,4.761904761904735,-37.73093937028394
9.922,15,0.0,-261.2810194834344,0.06400000000000006,0.0,-260.4166666666643,14.857142857142858,6.696428571428569,30.22693452380988
10.008,15,0.0,0.0,0.08599999999999852,0.0,0.0,15.142857142857142,3.32225913621267,-39.23452831646462
10.069,15,0.0,0.0,0.06100000000000172,0.0,0.0,15.428571428571429,4.683840749414401,22.321010052486763
10.129,16,16.61801541234969,276.1584362450918,0.05999999999999872,16.666666666667023,277.77777777778965,15.714285714285714,4.761904761904846,1.3010668748407856
10.189,16,0.0,-275.9758337203536,0.0600000000000005,0.0,-277.7777777777814,16.0,4.761904761904735,-1.850371707708579e-12
10.25,16,0.0,0.0,0.06099999999999994,0.0,0.0,16.285714285714285,4.683840749414507,-1.279737909675868
10.311,17,16.588964431629865,275.1937409138808,0.06099999999999994,16.393442622950836,268.7449610319812,16.571428571428573,4.683840749414566,9.609799295116119e-13
10.373,17,0.0,-266.19415755090336,0.06199999999999939,0.0,-264.4103648863064,16.571428571428573,0.0,-75.54581853894535
10.432,17,0.0,0.0,0.05900000000000105,0.0,0.0,16.571428571428573,0.0,0.0
10.492,17,0.0,0.0,0.0600000000000005,0.0,0.0,16.714285714285715,2.380952380952353,39.68253968253889
10.554,16,-16.182352714225086,-261.868539367588,0.06199999999999939,-16.129032258064676,-260.1456815816909,16.571428571428573,-2.3041474654378025,-75.56612655468066
10.615,16,0.0,267.0279827788165,0.06099999999999994,0.0,264.4103648863064,16.428571428571427,-2.341920374707312,-0.6192280208116298
10.675,17,16.616962018295556,276.1234267174772,0.0600000000000005,16.66666666666653,277.77777777777317,16.142857142857142,-4.761904761904706,-40.33307311995623
10.735,16,-16.567406365783715,-549.7789160109068,0.05999999999999872,-16.666666666667023,-555.5555555555711,15.857142857142858,-4.761904761904846,-2.338869838543713e-12
10.795,16,0.0,275.39379288470064,0.0600000000000005,0.0,277.7777777777814,15.571428571428571,-4.761904761904735,1.850371707708579e-12
10.858,15,-15.9606682141634,-254.7429298426059,0.06300000000000061,-15.873015873015719,-251.95263290500895,15.285714285714286,-4.535147392290189,3.5993233272149836
10.918,15,0.0,264.6422143158539,0.05999999999999872,0.0,264.5502645502676,14.857142857142858,-7.1428571428573,-43.46182917611944
10.987,14,-14.52618090260822,-211.00993161529976,0.06900000000000084,-14.49275362318823,-210.03990758243557,14.428571428571429,-6.211180124223531,13.50256548744576
11.06,14,0.0,199.3502536229653,0.0730000000000004,0.0,198.53087155052262,13.857142857142858,-7.827788649706412,-22.145322266888666
11.122,14,0.0,0.0,0.06199999999999939,0.0,0.0,13.428571428571429,-6.912442396313437,14.763649248273943
11.183,13,-16.360928534371453,-267.67998250681,0.06099999999999994,-16.393442622950836,-268.7449610319812,13.0,-7.02576112412179,-1.857684062432028
11.245,12,-16.145848731214585,3.4726459669102057,0.06199999999999939,-16.129032258064676,4.264683304615529,12.571428571428571,-6.912442396313437,1.827721416263786
11.306,12,0.0,264.8232360266239,0.06099999999999994,0.0,264.4103648863064,12.142857142857142,-7.02576112412179,-1.857684062432028
11.367,12,0.0,0.0,0.06100000000000172,0.0,0.0,11.571428571428571,-9.367681498828771,-38.3921372902773
11.428,11,-16.299256599476937,-265.6657656955925,0.06099999999999994,-16.393442622950836,-268.7449610319812,11.142857142857142,-7.02576112412179,38.39213729027841
11.49,11,0.0,265.7556139393436,0.06199999999999939,0.0,264.4103648863064,10.857142857142858,-4.608294930875605,38.991390213648536
11.551,10,-16.20642568729352,-262.6482335577673,0.06099999999999994,-16.393442622950836,-268.7449610319812,10.428571428571429,-7.02576112412179,-39.63059333190471
11.611,10,0.0,272.9380524473915,0.0600000000000005,0.0,273.224043715845,10.0,-7.142857142857088,-1.951600312254948
11.67,10,0.0,0.0,0.058999999999999275,0.0,0.0,9.714285714285714,-4.84261501210661,38.98715475848316
11.732,9,-16.30445210671373,-265.83515850012174,0.06199999999999939,-16.129032258064676,-260.1456815816909,9.285714285714286,-6.912442396313407,-33.38431264849706
11.793,9,0.0,266.96112134803417,0.06099999999999994,0.0,264.4103648863064,8.857142857142858,-7.02576112412179,-1.8576840624325086
11.853,9,0.0,0.0,0.0600000000000005,0.0,0.0,8.428571428571429,-7.142857142857088,-1.951600312254948
11.912,8,-16.809557588800853,-282.5612263312124,0.05900000000000105,-16.94915254237258,-287.2737719046149,8.0,-7.263922518159681,-2.051955513603238
11.973,7,-16.402581048844393,6.675465681614098,0.06099999999999994,-16.393442622950836,9.109998679044997,7.714285714285714,-4.683840749414522,42.29642243844527
12.034,7,0.0,269.07202368350084,0.06099999999999994,0.0,268.7449610319812,7.285714285714286,-7.02576112412179,-38.39213729028312
12.104,7,0.0,0.0,0.06999999999999851,0.0,0.0,6.857142857142857,-6.1224489795919705,12.90445920756913
12.164,7,0.0,0.0,0.0600000000000005,0.0,0.0,6.428571428571429,-7.142857142857073,-17.006802721084902
12.229,6,-15.421312518153842,-237.8168797825684,0.0649999999999995,-15.384615384615502,-236.686390532548,6.285714285714286,-2.1978021978022206,76.07776838545986
12.289,6,0.0,255.5083084671191,0.0600000000000005,0.0,256.41025641025624,6.142857142857143,-2.380952380952353,-3.05250305250218
12.349,5,-16.638649328393143,-276.84465147323755,0.0600000000000005,-16.66666666666653,-277.77777777777317,6.0,-2.3809523809523676,-2.442490654175324e-13
12.41,6,16.461936982903435,544.8997659537204,0.06099999999999994,16.393442622950836,541.9690047478261,5.857142857142857,-2.3419203747072683,0.6398689548376938
12.472,6,0.0,-264.6986115919164,0.06199999999999939,0.0,-264.4103648863064,5.857142857142857,0.0,37.77290926947244
12.534,6,0.0,0.0,0.062000000000001165,0.0,0.0,5.857142857142857,0.0,0.0
12.596,6,0.0,0.0,0.06199999999999939,0.0,0.0,5.857142857142857,0.0,0.0
12.659,6,0.0,0.0,0.06300000000000061,0.0,0.0,5.714285714285714,-2.2675736961450945,-35.99323327214401
12.721,6,0.0,0.0,0.06199999999999939,0.0,0.0,5.571428571428571,-2.3041474654378167,-0.5898995047213309
12.781,5,-16.49728998355897,-272.1605768016352,0.0600000000000005,-16.66666666666653,-277.77777777777317,5.428571428571429,-2.380952380952353,-1.2800819252422606
12.844,5,0.0,262.1466216355931,0.06299999999999883,0.0,264.5502645502673,5.285714285714286,-2.2675736961451727,1.7996616636060694
12.908,5,0.0,0.0,0.06400000000000006,0.0,0.0,5.142857142857143,-2.2321428571428474,0.5536068594113315
12.968,5,0.0,0.0,0.0600000000000005,0.0,0.0,4.857142857142857,-4.761904761904735,-42.16269841269778
13.028,5,0.0,0.0,0.0600000000000005,0.0,0.0,5.0,2.3809523809523676,119.0476190476174
13.088,5,0.0,0.0,0.05999999999999872,0.0,0.0,5.142857142857143,2.380952380952438,1.176836406102691e-12
13.148,4,-16.871493907957667,-284.6473066862527,0.0600000000000005,-16.66666666666653,-277.77777777777317,5.285714285714286,2.380952380952353,-1.4210854715201887e-12
13.21,6,32.09390267697617,785.745336268204,0.062000000000001165,32.25806451612843,789.1085674644199,5.285714285714286,0.0,-38.402457757295295
13.272,6,0.0,-519.5452802008988,0.06199999999999939,0.0,-520.2913631633669,5.285714285714286,0.0,0.0
13.333,6,0.0,0.0,0.06099999999999994,0.0,0.0,5.285714285714286,0.0,0.0
13.397,5,-15.616474670677857,-243.87428113992303,0.06400000000000006,-15.624999999999986,-244.14062499999957,5.571428571428571,4.464285714285708,69.75446428571414
13.456,5,0.0,262.7714144957929,0.058999999999999275,0.0,264.8305084745793,5.428571428571429,-2.42130750605329,-116.70496983625564
13.518,5,0.0,0.0,0.062000000000001165,0.0,0.0,5.142857142857143,-4.608294930875488,-35.27399072293801
13.58,6,16.143735806935837,260.6202058041423,0.06199999999999939,16.129032258064676,260.1456815816909,5.0,-2.3041474654378167,37.16366879738216
13.642,5,-16.133551816720132,-520.747292379433,0.06199999999999939,-16.129032258064676,-520.2913631633818,5.142857142857143,2.3041474654378167,74.327337594769
13.703,4,-16.31866160879292,-3.020744057309824,0.06099999999999994,-16.393442622950836,-4.3345961456747615,5.428571428571429,4.683840749414522,39.01136531109357
13.764,5,16.29260864836309,531.3226638258459,0.06099999999999994,16.393442622950836,537.4899220639624,5.857142857142857,7.025761124121776,38.39213729028288
13.827,6,15.91989767064066,-5.933520626065499,0.06300000000000061,15.873015873015719,-8.260742062462096,6.142857142857143,4.5351473922902175,-39.533551298913245
13.887,7,16.7931358928264,14.664408131975248,0.0600000000000005,16.66666666666653,13.227513227513397,6.714285714285714,9.52380952380944,83.14436885865302
13.947,8,16.69999522209304,-1.5554487562296304,0.05999999999999872,16.666666666667023,8.230453355888003e-12,7.571428571428571,14.285714285714583,79.36507936508741
14.008,8,0.0,-271.2572340961329,0.06099999999999994,0.0,-273.2240437158531,8.285714285714286,11.709601873536327,-42.23135101931572
14.067,9,16.8600324795395,284.2606952111268,0.05900000000000105,16.94915254237258,287.2737719046149,9.0,12.106537530266115,6.727722995420014
14.131,10,15.843285978159455,-16.108605588657117,0.06400000000000006,15.624999999999986,-20.689883474571772,9.571428571428571,8.928571428571416,-49.65572033897962
14.191,10,0.0,-261.06323416700627,0.0600000000000005,0.0,-260.4166666666643,10.142857142857142,9.52380952380944,9.920634920633649
14.252,11,16.543750591650625,273.69568363874043,0.06099999999999994,16.393442622950836,268.7449610319812,10.714285714285714,9.367681498829045,-2.559475819350746
14.314,11,0.0,-266.51272380104,0.06199999999999939,0.0,-264.4103648863064,11.285714285714286,9.216589861751267,-2.4369618883512847
14.374,12,16.660128616086148,277.55988550453253,0.0600000000000005,16.66666666666653,277.77777777777317,11.714285714285714,7.142857142857058,-34.56221198156986
14.432,12,0.0,-284.3490599845556,0.05799999999999983,0.0,-287.35632183907893,12.285714285714286,9.852216748768528,46.713096653646176
14.494,13,16.2141316365267,262.89806472661604,0.06199999999999939,16.129032258064676,260.1456815816909,12.714285714285714,6.912442396313407,-47.41571536217984
14.556,13,0.0,-260.59016518800985,0.06199999999999939,0.0,-260.1456815816909,13.285714285714286,9.216589861751267,37.16366879738519
14.617,14,16.432784829963957,270.0364172678935,0.06100000000000172,16.393442622950356,268.7449610319655,13.857142857142858,9.367681498828771,2.476912083237711
14.678,14,0.0,-268.85666696620825,0.06099999999999994,0.0,-268.74496103197333,14.428571428571429,9.367681498829045,4.484573004387522e-12
14.737,15,16.912925312709177,286.04704263327886,0.058999999999999275,16.94915254237309,287.27377190463216,15.0,9.68523002421319,5.382178396341515
14.799,16,16.104622544069482,-13.017410990268615,0.06199999999999939,16.129032258064676,-13.227746521103558,15.571428571428571,9.216589861751238,-7.558712297773495
14.861,16,0.0,-263.76849568732814,0.062000000000001165,0.0,-260.14568158168345,16.142857142857142,9.216589861750975,-4.240335681148906e-12
14.923,17,15.895643605631667,252.6714856372589,0.06199999999999939,16.129032258064676,260.1456815816909,16.714285714285715,9.216589861751267,4.698750349381354e-12
14.983,17,0.0,-267.3423083091418,0.0600000000000005,0.0,-268.8172043010757,17.142857142857142,7.142857142857058,-34.56221198156986
15.043,18,16.66072421627977,277.57973141093123,0.05999999999999872,16.666666666667023,277.77777777778965,17.428571428571427,4.761904761904846,-39.68253968253771
15.104,18,0.0,-274.9368221933489,0.06099999999999994,0.0,-273.2240437158531,17.857142857142858,7.02576112412182,37.112399380606156
15.168,18,0.0,0.0,0.06400000000000006,0.0,0.0,18.142857142857142,4.464285714285695,-40.02305327868942
15.235,18,0.0,0.0,0.06700000000000017,0.0,0.0,18.428571428571427,4.264392324093791,-2.983483435700052
15.297,19,16.1529994877937,260.91939245266354,0.062000000000001165,16.129032258064214,260.145681581676,18.428571428571427,0.0,-68.78052135635018
15.36,19,0.0,-258.5268879497034,0.06299999999999883,0.0,-256.01638504864303,18.571428571428573,2.267573696145215,35.99323327214693
15.421,19,0.0,0.0,0.06099999999999994,0.0,0.0,18.857142857142858,4.683840749414507,39.61093529949663
15.484,18,-16.041550494330025,-257.33134226213986,0.06300000000000061,-15.873015873015719,-251.95263290500895,19.142857142857142,4.535147392290189,-2.3602120178462993
15.544,19,16.595134187692636,541.6101617395789,0.0600000000000005,16.66666666666653,542.3280423280329,19.285714285714285,2.380952380952353,-35.90325018896364
15.607,20,15.965406985596395,-10.0538510713674,0.06299999999999883,15.873015873016167,-12.597631645244086,19.428571428571427,2.2675736961451585,-1.799661663606295
15.668,20,0.0,-261.5384059448789,0.06099999999999994,0.0,-260.2133749674784,19.571428571428573,2.341920374707312,1.2187980092156303
15.73,20,0.0,0.0,0.062000000000001165,0.0,0.0,19.857142857142858,4.6082949308754735,36.55442832529224
15.789,20,0.0,0.0,0.058999999999999275,0.0,0.0,20.142857142857142,4.84261501210658,3.971526800527279
15.851,20,0.0,0.0,0.062000000000001165,0.0,0.0,20.285714285714285,2.3041474654377367,-40.943024946270896
15.91,20,0.0,0.0,0.058999999999999275,0.0,0.0,20.428571428571427,2.42130750605329,1.9857634002636395
15.97,21,16.734976918258315,280.0594524546386,0.0600000000000005,16.66666666666653,277.77777777777317,20.571428571428573,2.380952380952412,-0.6725854183479614
16.031,21,0.0,-273.55860050648914,0.06099999999999817,0.0,-273.22404371585293,20.714285714285715,2.341920374707322,-0.6398689548375595
16.093,21,0.0,0.0,0.062000000000001165,0.0,0.0,20.857142857142858,2.3041474654377367,-0.6092404720900744
16.156,21,0.0,0.0,0.06299999999999883,0.0,0.0,21.0,2.2675736961451585,-0.5805360205171262
16.218,21,0.0,0.0,0.062000000000001165,0.0,0.0,21.0,0.0,-36.57376929266316
16.279,21,0.0,0.0,0.06099999999999994,0.0,0.0,21.0,0.0,0.0
16.34,21,0.0,0.0,0.06099999999999994,0.0,0.0,21.0,0.0,0.0
16.399,21,0.0,0.0,0.05900000000000105,0.0,0.0,21.0,0.0,0.0
16.461,21,0.0,0.0,0.06199999999999761,0.0,0.0,21.0,0.0,0.0
16.522,21,0.0,0.0,0.06099999999999994,0.0,0.0,21.0,0.0,0.0
16.584,21,0.0,0.0,0.062000000000001165,0.0,0.0,21.0,0.0,0.0
16.644,21,0.0,0.0,0.05999999999999872,0.0,0.0,21.0,0.0,0.0
16.704,21,0.0,0.0,0.060000000000002274,0.0,0.0,21.0,0.0,0.0
16.765,21,0.0,0.0,0.06099999999999994,0.0,0.0,21.0,0.0,0.0
16.827,21,0.0,0.0,0.062000000000001165,0.0,0.0,21.0,0.0,0.0
16.89,21,0.0,0.0,0.06299999999999883,0.0,0.0,21.0,0.0,0.0
16.952,21,0.0,0.0,0.062000000000001165,0.0,0.0,21.0,0.0,0.0
17.011,21,0.0,0.0,0.0589999999999975,0.0,0.0,21.0,0.0,0.0
17.072,21,0.0,0.0,0.06099999999999994,0.0,0.0,21.0,0.0,0.0
17.133,21,0.0,0.0,0.06099999999999994,0.0,0.0,21.0,0.0,0.0
17.194,21,0.0,0.0,0.06099999999999994,0.0,0.0,21.0,0.0,0.0
17.259,21,0.0,0.0,0.06500000000000128,0.0,0.0,21.0,0.0,0.0
17.323,21,0.0,0.0,0.06400000000000006,0.0,0.0,21.0,0.0,0.0
17.382,21,0.0,0.0,0.05900000000000105,0.0,0.0,21.0,0.0,0.0
17.444,21,0.0,0.0,0.06199999999999761,0.0,0.0,21.0,0.0,0.0
17.505,21,0.0,0.0,0.06099999999999994,0.0,0.0,21.0,0.0,0.0
17.567,21,0.0,0.0,0.062000000000001165,0.0,0.0,21.0,0.0,0.0
17.63,21,0.0,0.0,0.06299999999999883,0.0,0.0,21.0,0.0,0.0
17.693,21,0.0,0.0,0.06300000000000239,0.0,0.0,21.0,0.0,0.0
17.756,21,0.0,0.0,0.06299999999999883,0.0,0.0,21.0,0.0,0.0
17.817,21,0.0,0.0,0.06099999999999994,0.0,0.0,21.0,0.0,0.0
17.88,21,0.0,0.0,0.06299999999999883,0.0,0.0,21.0,0.0,0.0
17.941,21,0.0,0.0,0.06099999999999994,0.0,0.0,21.0,0.0,0.0
18.002,21,0.0,0.0,0.06099999999999994,0.0,0.0,21.0,0.0,0.0
18.065,21,0.0,0.0,0.06300000000000239,0.0,0.0,21.0,0.0,0.0
18.126,21,0.0,0.0,0.06099999999999994,0.0,0.0,21.0,0.0,0.0
18.189,21,0.0,0.0,0.06299999999999883,0.0,0.0,21.0,0.0,0.0
18.251,21,0.0,0.0,0.062000000000001165,0.0,0.0,21.0,0.0,0.0
18.312,21,0.0,0.0,0.06099999999999994,0.0,0.0,21.0,0.0,0.0
18.372,21,0.0,0.0,0.05999999999999872,0.0,0.0,21.0,0.0,0.0
18.433,21,0.0,0.0,0.06099999999999994,0.0,0.0,21.0,0.0,0.0
18.493,21,0.0,0.0,0.05999999999999872,0.0,0.0,21.0,0.0,0.0
18.552,21,0.0,0.0,0.05900000000000105,0.0,0.0,21.0,0.0,0.0
